{
  "svm_results": {
    "accuracy": "SVM Model Accuracy: 0.80%",
    "confusion_matrix": "/home/ricad/hotel_sentiment/app/static/uploads/confusion_matrix_svm_2.png",
    "report": {
      "Negative": {
        "precision": 0.875,
        "recall": 0.3111111111111111,
        "f1-score": 0.45901639344262296,
        "support": 45.0
      },
      "Neutral": {
        "precision": 0.0,
        "recall": 0.0,
        "f1-score": 0.0,
        "support": 20.0
      },
      "Positive": {
        "precision": 0.7992125984251969,
        "recall": 0.9902439024390244,
        "f1-score": 0.8845315904139434,
        "support": 205.0
      },
      "accuracy": 0.8037037037037037,
      "macro avg": {
        "precision": 0.5580708661417323,
        "recall": 0.4337850045167118,
        "f1-score": 0.44784932795218874,
        "support": 270.0
      },
      "weighted avg": {
        "precision": 0.7526428988043161,
        "recall": 0.8037037037037037,
        "f1-score": 0.7480915323695423,
        "support": 270.0
      }
    }
  },
  "nb_results": {
    "accuracy": "Naive Bayes Model Accuracy: 0.76%",
    "confusion_matrix": "/home/ricad/hotel_sentiment/app/static/uploads/confusion_matrix_nb_2.png",
    "report": {
      "Negative": {
        "precision": 0.0,
        "recall": 0.0,
        "f1-score": 0.0,
        "support": 45.0
      },
      "Neutral": {
        "precision": 0.0,
        "recall": 0.0,
        "f1-score": 0.0,
        "support": 20.0
      },
      "Positive": {
        "precision": 0.7592592592592593,
        "recall": 1.0,
        "f1-score": 0.8631578947368421,
        "support": 205.0
      },
      "accuracy": 0.7592592592592593,
      "macro avg": {
        "precision": 0.25308641975308643,
        "recall": 0.3333333333333333,
        "f1-score": 0.28771929824561404,
        "support": 270.0
      },
      "weighted avg": {
        "precision": 0.5764746227709191,
        "recall": 0.7592592592592593,
        "f1-score": 0.6553606237816764,
        "support": 270.0
      }
    }
  },
  "timestamp": "2024-12-22 20:59:22",
  "hotel_unit": 2
}
