{"svm_results": {"accuracy": "SVM Model Accuracy: 0.81%", "confusion_matrix": "/home/ricad/hotel_sentiment/app/static/uploads/confusion_matrix_svm_2.png", "report": {"Negative": {"precision": 0.8823529411764706, "recall": 0.3409090909090909, "f1-score": 0.4918032786885246, "support": 44.0}, "Neutral": {"precision": 0.0, "recall": 0.0, "f1-score": 0.0, "support": 20.0}, "Positive": {"precision": 0.8063241106719368, "recall": 0.9902912621359223, "f1-score": 0.8888888888888888, "support": 206.0}, "accuracy": 0.8111111111111111, "macro avg": {"precision": 0.5628923506161357, "recall": 0.4437334510150044, "f1-score": 0.4602307225258045, "support": 270.0}, "weighted avg": {"precision": 0.7589862822599395, "recall": 0.8111111111111111, "f1-score": 0.7583350199015044, "support": 270.0}}}, "nb_results": {"accuracy": "Naive Bayes Model Accuracy: 0.76%", "confusion_matrix": "/home/ricad/hotel_sentiment/app/static/uploads/confusion_matrix_nb_2.png", "report": {"Negative": {"precision": 0.0, "recall": 0.0, "f1-score": 0.0, "support": 44.0}, "Neutral": {"precision": 0.0, "recall": 0.0, "f1-score": 0.0, "support": 20.0}, "Positive": {"precision": 0.762962962962963, "recall": 1.0, "f1-score": 0.865546218487395, "support": 206.0}, "accuracy": 0.762962962962963, "macro avg": {"precision": 0.254320987654321, "recall": 0.3333333333333333, "f1-score": 0.288515406162465, "support": 270.0}, "weighted avg": {"precision": 0.5821124828532236, "recall": 0.762962962962963, "f1-score": 0.660379707438531, "support": 270.0}}}, "timestamp": "2024-12-30 19:32:21", "hotel_unit": 2}