{"svm_results": {"accuracy": "SVM Model Accuracy: 0.79%", "confusion_matrix": "/home/ricad/hotel_sentiment/app/static/uploads/confusion_matrix_svm_2.png", "report": {"Negative": {"precision": 0.6428571428571429, "recall": 0.24324324324324326, "f1-score": 0.35294117647058826, "support": 37.0}, "Neutral": {"precision": 1.0, "recall": 0.037037037037037035, "f1-score": 0.07142857142857142, "support": 27.0}, "Positive": {"precision": 0.796078431372549, "recall": 0.9854368932038835, "f1-score": 0.8806941431670282, "support": 206.0}, "accuracy": 0.7888888888888889, "macro avg": {"precision": 0.8129785247432305, "recall": 0.4219057244947213, "f1-score": 0.43502129702206266, "support": 270.0}, "weighted avg": {"precision": 0.7954735968461458, "recall": 0.7888888888888889, "f1-score": 0.7274458831495962, "support": 270.0}}}, "nb_results": {"accuracy": "Naive Bayes Model Accuracy: 0.76%", "confusion_matrix": "/home/ricad/hotel_sentiment/app/static/uploads/confusion_matrix_nb_2.png", "report": {"Negative": {"precision": 0.0, "recall": 0.0, "f1-score": 0.0, "support": 37.0}, "Neutral": {"precision": 0.0, "recall": 0.0, "f1-score": 0.0, "support": 27.0}, "Positive": {"precision": 0.762962962962963, "recall": 1.0, "f1-score": 0.865546218487395, "support": 206.0}, "accuracy": 0.762962962962963, "macro avg": {"precision": 0.254320987654321, "recall": 0.3333333333333333, "f1-score": 0.288515406162465, "support": 270.0}, "weighted avg": {"precision": 0.5821124828532236, "recall": 0.762962962962963, "f1-score": 0.660379707438531, "support": 270.0}}}, "timestamp": "2025-02-19 23:24:38", "hotel_unit": 2}