{
  "svm_results": {
    "accuracy": "SVM Model Accuracy: 0.7991%",
    "confusion_matrix": "/home/ricad/hotel_sentiment/app/static/uploads/confusion_matrix_svm_1.png",
    "report": {
      "Negative": {
        "precision": 0.6666666666666666,
        "recall": 0.09523809523809523,
        "f1-score": 0.16666666666666666,
        "support": 21.0
      },
      "Neutral": {
        "precision": 0.0,
        "recall": 0.0,
        "f1-score": 0.0,
        "support": 25.0
      },
      "Positive": {
        "precision": 0.8009049773755657,
        "recall": 0.9943820224719101,
        "f1-score": 0.8872180451127819,
        "support": 178.0
      },
      "accuracy": 0.7991071428571429,
      "macro avg": {
        "precision": 0.48919054801407746,
        "recall": 0.3632067059033351,
        "f1-score": 0.3512949039264828,
        "support": 224.0
      },
      "weighted avg": {
        "precision": 0.6989334195216549,
        "recall": 0.7991071428571429,
        "f1-score": 0.7206464822771214,
        "support": 224.0
      }
    }
  },
  "nb_results": {
    "accuracy": "Naive Bayes Model Accuracy: 0.7946%",
    "confusion_matrix": "/home/ricad/hotel_sentiment/app/static/uploads/confusion_matrix_nb_1.png",
    "report": {
      "Negative": {
        "precision": 0.0,
        "recall": 0.0,
        "f1-score": 0.0,
        "support": 21.0
      },
      "Neutral": {
        "precision": 0.0,
        "recall": 0.0,
        "f1-score": 0.0,
        "support": 25.0
      },
      "Positive": {
        "precision": 0.7946428571428571,
        "recall": 1.0,
        "f1-score": 0.8855721393034826,
        "support": 178.0
      },
      "accuracy": 0.7946428571428571,
      "macro avg": {
        "precision": 0.2648809523809524,
        "recall": 0.3333333333333333,
        "f1-score": 0.29519071310116085,
        "support": 224.0
      },
      "weighted avg": {
        "precision": 0.6314572704081632,
        "recall": 0.7946428571428571,
        "f1-score": 0.7037135749822317,
        "support": 224.0
      }
    }
  },
  "timestamp": "2024-12-22 22:06:11",
  "hotel_unit": 1
}
