{"svm_results": {"accuracy": "SVM Model Accuracy: 0.80%", "confusion_matrix": "/home/ricad/hotel_sentiment/app/static/uploads/confusion_matrix_svm_1.png", "report": {"Negative": {"precision": 1.0, "recall": 0.043478260869565216, "f1-score": 0.08333333333333333, "support": 23.0}, "Neutral": {"precision": 1.0, "recall": 0.041666666666666664, "f1-score": 0.08, "support": 24.0}, "Positive": {"precision": 0.7972972972972973, "recall": 1.0, "f1-score": 0.8872180451127819, "support": 177.0}, "accuracy": 0.7991071428571429, "macro avg": {"precision": 0.9324324324324325, "recall": 0.3617149758454106, "f1-score": 0.35018379281537176, "support": 224.0}, "weighted avg": {"precision": 0.839828667953668, "recall": 0.7991071428571429, "f1-score": 0.7181886636233441, "support": 224.0}}}, "nb_results": {"accuracy": "Naive Bayes Model Accuracy: 0.79%", "confusion_matrix": "/home/ricad/hotel_sentiment/app/static/uploads/confusion_matrix_nb_1.png", "report": {"Negative": {"precision": 1.0, "recall": 0.043478260869565216, "f1-score": 0.08333333333333333, "support": 23.0}, "Neutral": {"precision": 0.0, "recall": 0.0, "f1-score": 0.0, "support": 24.0}, "Positive": {"precision": 0.7937219730941704, "recall": 1.0, "f1-score": 0.885, "support": 177.0}, "accuracy": 0.7946428571428571, "macro avg": {"precision": 0.5979073243647234, "recall": 0.34782608695652173, "f1-score": 0.3227777777777778, "support": 224.0}, "weighted avg": {"precision": 0.72986066623959, "recall": 0.7946428571428571, "f1-score": 0.7078645833333334, "support": 224.0}}}, "timestamp": "2025-02-19 16:42:27", "hotel_unit": 1}